internship_id,title,company,location,country,location_type,description,required_skills,preferred_skills,domain,duration_months,stipend_usd,experience_level
INT-001,Machine Learning Research Intern,Nexora AI Labs,"San Francisco, CA",United States,Remote,"Work alongside senior researchers to develop and evaluate novel ML algorithms. You will implement baseline models, run experiments, and analyze results on large datasets. Contribute to internal research papers and present findings to the team. Gain hands-on experience with cutting-edge deep learning frameworks.",Python|TensorFlow|PyTorch|NumPy|scikit-learn,Jupyter|Git|LaTeX,Machine Learning,3,2200,Intermediate
INT-002,Data Science Intern,Prism Analytics,"Austin, TX",United States,Hybrid,"Analyze complex datasets to extract actionable business insights for clients. Build dashboards and reports using visualization tools and statistical methods. Collaborate with the product team to define KPIs and tracking metrics. Present findings in weekly stakeholder meetings.",Python|SQL|Pandas|Matplotlib|Statistics,Tableau|Power BI|R,Data Science,4,1800,Beginner
INT-003,Backend Software Engineering Intern,CloudBridge Systems,"Berlin, Germany",Germany,On-site,"Design and implement RESTful APIs for a SaaS platform serving enterprise clients. Write unit and integration tests to maintain code quality standards. Participate in code reviews and agile sprint ceremonies. Contribute to system architecture discussions with senior engineers.",Python|REST API|SQL|Git|Docker,Kubernetes|PostgreSQL|Redis,Software Engineering,6,1500,Intermediate
INT-004,Frontend Web Development Intern,PixelForge Studio,"Toronto, Ontario",Canada,Hybrid,"Build responsive and accessible UI components for a consumer-facing web application. Collaborate with designers to translate Figma mockups into clean React code. Optimize frontend performance and ensure cross-browser compatibility. Write unit tests using Jest and maintain component documentation.",JavaScript|React|HTML|CSS|Git,TypeScript|Figma|Jest,Web Development,3,1600,Beginner
INT-005,NLP Research Intern,LinguaCore Technologies,"London, England",United Kingdom,Remote,"Develop and fine-tune transformer-based models for text classification and named entity recognition tasks. Preprocess and annotate large-scale text corpora for training pipelines. Evaluate model performance using standard NLP benchmarks. Collaborate with the applied research team on production deployment strategies.",Python|Hugging Face Transformers|spaCy|PyTorch|NLTK,BERT|FastAPI|Docker,NLP,4,2500,Advanced
INT-006,Computer Vision Intern,OptiSense Robotics,"Osaka, Japan",Japan,On-site,"Develop image segmentation and object detection models for industrial automation systems. Annotate and preprocess image datasets for model training pipelines. Integrate vision models into embedded hardware prototypes. Write technical documentation for algorithms and deployment procedures.",Python|OpenCV|PyTorch|TensorFlow|NumPy,CUDA|ROS|C++,Computer Vision,5,1800,Intermediate
INT-007,DevOps Engineering Intern,StackNova Infrastructure,"Amsterdam, Netherlands",Netherlands,Hybrid,"Maintain and improve CI/CD pipelines for a microservices-based platform. Monitor system health using observability tools and respond to incidents. Automate infrastructure provisioning using IaC tools. Collaborate with development teams to streamline deployment workflows.",Linux|Docker|Kubernetes|Git|Bash,Terraform|Jenkins|Prometheus,DevOps,4,1700,Intermediate
INT-008,Cybersecurity Analyst Intern,ShieldTech Security,"Canberra, ACT",Australia,On-site,"Assist the security operations team in monitoring network traffic for anomalies and threats. Conduct vulnerability assessments on internal systems and document findings. Support incident response procedures and maintain security logs. Research emerging threat vectors and contribute to internal threat intelligence reports.",Networking|Linux|Wireshark|SIEM Tools|Python,Metasploit|Nmap|Splunk,Cybersecurity,3,2000,Beginner
INT-009,Product Management Intern,Vantage Product Studio,"New York, NY",United States,Hybrid,"Support the product team in conducting user research and competitive analysis. Write product requirement documents and user stories for engineering teams. Analyze product usage metrics to identify areas for improvement. Coordinate cross-functional meetings between design, engineering, and marketing teams.",Product Thinking|Data Analysis|Communication|Jira|Excel,SQL|Figma|Notion,Product Management,3,2200,Beginner
INT-010,Data Engineering Intern,FlowData Systems,"Bangalore, Karnataka",India,Remote,"Build and maintain ETL pipelines to ingest and transform data from multiple sources. Optimize SQL queries and data warehouse schemas for performance. Monitor pipeline health and resolve data quality issues. Collaborate with data scientists to ensure clean and reliable data delivery.",Python|SQL|Apache Spark|Airflow|ETL,dbt|Snowflake|BigQuery,Data Engineering,4,900,Intermediate
INT-011,AI Research Intern,DeepMind Ventures,"Paris, Île-de-France",France,Remote,"Investigate reinforcement learning approaches for sequential decision-making problems. Implement and benchmark research algorithms against state-of-the-art baselines. Contribute to academic paper writing and internal research presentations. Work closely with senior scientists in a collaborative research environment.",Python|PyTorch|Reinforcement Learning|NumPy|Git,JAX|LaTeX|Weights & Biases,Research,5,2800,Advanced
INT-012,Finance Technology Intern,QuantEdge Capital,Singapore,Singapore,On-site,"Develop quantitative models for portfolio risk assessment and optimization. Build automated reporting tools for trading performance analytics. Collaborate with quant analysts to backtest algorithmic trading strategies. Maintain and improve financial data pipelines and dashboards.",Python|SQL|Excel|Statistics|Pandas,R|Bloomberg API|MATLAB,Finance Tech,4,2400,Intermediate
INT-013,ML Ops Intern,Iterative AI Platform,"Seattle, WA",United States,Remote,"Support the MLOps team in building model deployment and monitoring pipelines. Containerize machine learning models using Docker and deploy to cloud infrastructure. Set up experiment tracking and model versioning systems. Write scripts to automate model retraining and evaluation workflows.",Python|Docker|MLflow|Git|Linux,Kubernetes|AWS|FastAPI,Machine Learning,3,2100,Intermediate
INT-014,Business Intelligence Intern,ClearMetrics Analytics,"Zurich, Zurich",Switzerland,Hybrid,"Design and maintain BI dashboards for executive reporting across business units. Write complex SQL queries to extract and transform data from enterprise data warehouses. Collaborate with business stakeholders to define reporting requirements. Document data models and business metric definitions.",SQL|Power BI|Excel|Data Modeling|Communication,Tableau|Python|DAX,Data Science,3,2000,Beginner
INT-015,Full Stack Developer Intern,NexaLoop Technologies,"Dublin, Leinster",Ireland,Hybrid,"Build new features for a B2B SaaS application across the full stack. Implement backend services using Node.js and frontend components using React. Write automated tests and participate in peer code review processes. Collaborate with the product manager to clarify requirements and estimate effort.",JavaScript|React|Node.js|SQL|Git,TypeScript|Docker|REST API,Software Engineering,4,1800,Intermediate
INT-016,React Developer Intern,BrightPath Digital,"Vancouver, British Columbia",Canada,Remote,"Develop modular and reusable React components for a digital health platform. Integrate frontend with RESTful APIs and manage application state using Redux. Ensure accessibility compliance and write comprehensive unit tests. Participate in design reviews and contribute to improving the component library.",JavaScript|React|Redux|HTML|CSS,TypeScript|Accessibility|Storybook,Web Development,3,1500,Beginner
INT-017,Conversational AI Intern,DialogFlow Labs,"Stockholm, Stockholm",Sweden,Remote,"Build and evaluate dialogue systems using pre-trained language models. Design intent classification and entity extraction pipelines for chatbot applications. Conduct error analysis on model outputs and implement improvements. Collaborate with the product team to define conversational flows and user experience.",Python|NLP|Rasa|Hugging Face Transformers|spaCy,BERT|FastAPI|SQL,NLP,4,2200,Intermediate
INT-018,Vision Systems Intern,NeuroVision Research,"Tel Aviv, Tel Aviv District",Israel,On-site,"Research and implement deep learning architectures for medical image analysis. Process and augment large-scale radiology imaging datasets. Evaluate model performance against clinical benchmarks and document findings. Work alongside medical imaging experts and ML engineers in a multidisciplinary team.",Python|TensorFlow|OpenCV|NumPy|Medical Imaging,PyTorch|DICOM|scikit-learn,Computer Vision,6,2300,Advanced
INT-019,Site Reliability Intern,InfraCore Solutions,"Munich, Bavaria",Germany,Hybrid,"Support the SRE team in improving system reliability and reducing mean time to recovery. Write runbooks and automate operational tasks using Python and Bash scripts. Contribute to capacity planning and performance benchmarking activities. Monitor production systems and participate in on-call rotations under supervision.",Linux|Python|Bash|Monitoring Tools|Git,Prometheus|Grafana|Kubernetes,DevOps,4,1600,Intermediate
INT-020,Penetration Testing Intern,RedGuard Security,"Tel Aviv, Tel Aviv District",Israel,On-site,"Perform authorized penetration tests on web applications and network infrastructure. Document vulnerabilities and write detailed remediation reports. Assist senior pentesters in red team exercises and CTF challenges. Research and stay updated on the latest offensive security techniques.",Linux|Networking|Burp Suite|Python|Ethical Hacking,Metasploit|OWASP|Kali Linux,Cybersecurity,3,2100,Intermediate
INT-021,Product Analytics Intern,GrowthLens Product Co,"Chicago, IL",United States,Hybrid,"Analyze user behavior funnels and retention metrics to inform product decisions. Set up A/B testing frameworks and interpret statistical results for the product team. Build self-serve analytics dashboards for product managers. Collaborate with engineering to ensure proper event tracking instrumentation.",SQL|Python|Analytics|Statistics|Excel,Mixpanel|Amplitude|Tableau,Product Management,3,2000,Intermediate
INT-022,Streaming Data Intern,PulseStream Technologies,"Hyderabad, Telangana",India,Remote,"Develop real-time data ingestion pipelines using Apache Kafka and Spark Streaming. Monitor pipeline latency and throughput and optimize for performance. Write unit tests for pipeline components and maintain technical documentation. Collaborate with backend engineers to define data schemas and APIs.",Python|Apache Kafka|Apache Spark|SQL|Git,Flink|Scala|Docker,Data Engineering,5,800,Intermediate
INT-023,NLP Data Annotation Lead Intern,TextMind AI,"Seoul, Seoul",South Korea,Remote,"Develop annotation guidelines for named entity recognition and relation extraction datasets. Manage a team of crowd-source annotators and perform quality control. Analyze inter-annotator agreement and resolve labeling conflicts. Contribute to research publications on dataset creation methodologies.",NLP|Python|Data Annotation|Statistics|Communication,Prodigy|Label Studio|Excel,NLP,4,1400,Beginner
INT-024,Autonomous Driving Vision Intern,AutoAxis Labs,"Detroit, MI",United States,On-site,"Develop and optimize object detection and lane segmentation models for autonomous driving applications. Preprocess LiDAR and camera sensor fusion datasets. Evaluate model robustness under adverse weather conditions. Collaborate with the perception engineering team on real-world testing protocols.",Python|OpenCV|PyTorch|Sensor Fusion|NumPy,CUDA|ROS|Point Cloud Processing,Computer Vision,6,3000,Advanced
INT-025,Cloud Infrastructure Intern,NimbusOps Cloud,"Dubai, Dubai",United Arab Emirates,Remote,"Provision and manage cloud resources on AWS and GCP using Terraform. Build and maintain automated deployment pipelines for containerized applications. Monitor cloud costs and implement optimization recommendations. Write infrastructure-as-code modules and maintain internal documentation.",AWS|Terraform|Docker|Kubernetes|Linux,Python|GCP|Azure,DevOps,4,1800,Beginner
INT-026,Threat Intelligence Intern,CyberVault Research,"London, England",United Kingdom,Remote,"Research emerging cybersecurity threats and compile threat intelligence reports. Analyze malware samples in sandboxed environments and document behaviors. Contribute to internal knowledge bases and threat hunting playbooks. Present findings to the security operations team in weekly briefings.",Python|OSINT|Malware Analysis|Networking|Linux,YARA|Splunk|Threat Hunting,Cybersecurity,3,1700,Beginner
INT-027,Junior Product Designer Intern,Forma UX Studio,"Barcelona, Catalonia",Spain,Hybrid,"Conduct user interviews and synthesize findings into actionable product insights. Create wireframes and interactive prototypes for new product features. Collaborate with engineering teams to ensure feasible and consistent implementation. Maintain and contribute to the product design system.",Figma|User Research|Prototyping|Communication|Wireframing,Notion|Jira|Accessibility,Product Management,3,1200,Beginner
INT-028,Data Warehouse Intern,Helix Data Solutions,"Warsaw, Masovian",Poland,On-site,"Design and build dimensional data models for business intelligence use cases. Write optimized SQL queries and stored procedures for reporting pipelines. Collaborate with BI analysts to understand data requirements. Perform data quality checks and document data lineage.",SQL|Data Warehousing|ETL|Data Modeling|Excel,Snowflake|dbt|Python,Data Engineering,4,900,Beginner
INT-029,Multimodal Learning Intern,FusionAI Research,"Zurich, Zurich",Switzerland,Remote,"Research and implement multimodal deep learning architectures combining vision and language. Run controlled experiments and maintain reproducible research pipelines. Contribute to technical reports and academic paper submissions. Engage in weekly research reviews with the core science team.",Python|PyTorch|Computer Vision|NLP|Research Methods,JAX|Hugging Face Transformers|LaTeX,Research,6,3000,Advanced
INT-030,Algorithmic Trading Intern,PeakQuant Finance,"Hong Kong",Hong Kong,On-site,"Develop and backtest quantitative trading strategies using historical market data. Build data pipelines to ingest and clean financial time series data. Collaborate with portfolio managers to refine signal generation models. Maintain codebase documentation and version control practices.",Python|Statistics|Pandas|SQL|Financial Modeling,R|Backtesting|MATLAB,Finance Tech,4,2800,Advanced
INT-031,Deep Learning Intern,SynapseNet AI,"Toronto, Ontario",Canada,Remote,"Implement and evaluate state-of-the-art deep learning architectures for tabular and sequential data. Design experiments to compare model configurations and document results. Contribute to internal ML tooling and automation scripts. Present weekly progress updates to the research engineering team.",Python|PyTorch|Deep Learning|NumPy|Git,TensorFlow|scikit-learn|Weights & Biases,Machine Learning,4,2000,Intermediate
INT-032,Statistical Modeling Intern,Axiom Data Science,"Melbourne, Victoria",Australia,Hybrid,"Build statistical models to forecast customer churn and lifetime value. Validate model assumptions and perform sensitivity analyses. Create clear visualizations and reports to communicate findings to non-technical stakeholders. Collaborate with the data engineering team to access and prepare datasets.",R|Python|Statistics|SQL|Data Visualization,Bayesian Modeling|Excel|Tableau,Data Science,3,1700,Intermediate
INT-033,Systems Software Intern,CoreEdge Technologies,"Shenzhen, Guangdong",China,On-site,"Develop low-level system utilities and performance optimization tools in C++. Profile application performance and identify bottlenecks. Write comprehensive documentation and unit tests for new modules. Collaborate with the platform team in daily standups and design reviews.",C++|Linux|Git|Systems Programming|Debugging,Python|CMake|Valgrind,Software Engineering,5,1400,Advanced
INT-034,E-commerce Frontend Intern,ShopSphere Digital,"Mumbai, Maharashtra",India,Remote,"Build fast and responsive product pages and checkout flows for a high-traffic e-commerce platform. Integrate frontend components with REST APIs and ensure mobile-first design. Optimize page load performance and Core Web Vitals scores. Collaborate with backend engineers and UX designers on feature releases.",JavaScript|React|HTML|CSS|REST API,Next.js|TypeScript|Git,Web Development,3,700,Beginner
INT-035,Text Summarization Intern,BriefAI Technologies,"Austin, TX",United States,Remote,"Develop abstractive and extractive summarization models for long-form documents. Fine-tune pre-trained transformer models on domain-specific corpora. Evaluate output quality using ROUGE and human evaluation protocols. Collaborate with the applied NLP team to deploy models to production APIs.",Python|Hugging Face Transformers|PyTorch|NLP|Git,ROUGE Evaluation|FastAPI|Docker,NLP,4,2300,Intermediate
INT-036,3D Vision Intern,DepthSense Labs,"Vancouver, British Columbia",Canada,On-site,"Research and implement 3D point cloud processing algorithms for spatial mapping. Develop depth estimation models using stereo camera inputs. Benchmark algorithms against standard 3D vision datasets. Write technical documentation and contribute to research presentations.",Python|OpenCV|PyTorch|Point Cloud Processing|NumPy,Open3D|CUDA|ROS,Computer Vision,5,2100,Advanced
INT-037,Infrastructure Automation Intern,AutoStack DevOps,Singapore,Singapore,Hybrid,"Automate server provisioning and configuration management using Ansible and Terraform. Build monitoring dashboards for infrastructure health metrics. Assist in migrating legacy systems to containerized deployments. Document runbooks and standard operating procedures for the ops team.",Linux|Ansible|Terraform|Docker|Bash,Kubernetes|Python|AWS,DevOps,3,1600,Beginner
INT-038,AppSec Intern,FortifyLabs Security,"Stockholm, Stockholm",Sweden,On-site,"Review source code for security vulnerabilities across web and mobile applications. Integrate SAST and DAST tools into CI/CD pipelines. Write detailed vulnerability reports with remediation recommendations. Stay current on OWASP Top 10 and emerging application security threats.",Python|OWASP|SAST Tools|Networking|Git,Burp Suite|Docker|Java,Cybersecurity,4,1900,Intermediate
INT-039,Growth Product Intern,Velocity Growth Labs,"New York, NY",United States,Hybrid,"Run growth experiments to optimize user acquisition and activation funnels. Analyze cohort data and build predictive models for user retention. Collaborate with marketing and engineering to implement growth features. Document experiment results and present recommendations to leadership.",SQL|Analytics|Excel|Communication|A/B Testing,Python|Amplitude|Notion,Product Management,3,2400,Intermediate
INT-040,Lakehouse Engineering Intern,DataNest Solutions,"Amsterdam, Netherlands",Netherlands,Remote,"Build and maintain a data lakehouse using Delta Lake and Apache Spark. Implement data governance policies and access control frameworks. Monitor data freshness and pipeline reliability using automated alerts. Collaborate with analytics engineers on dbt transformations and data models.",Python|Apache Spark|SQL|Delta Lake|Git,dbt|Databricks|Airflow,Data Engineering,4,1700,Intermediate
INT-041,Federated Learning Intern,PrivacyAI Research,"Berlin, Germany",Germany,Remote,"Research privacy-preserving machine learning techniques including federated learning and differential privacy. Implement and evaluate federated training algorithms on simulated distributed datasets. Write research summaries and contribute to internal technical reports. Present results to the privacy engineering team.",Python|PyTorch|Federated Learning|Statistics|Git,TensorFlow Federated|Differential Privacy|NumPy,Research,5,2600,Advanced
INT-042,Credit Risk Intern,NovaBanc FinTech,"Warsaw, Masovian",Poland,Hybrid,"Build machine learning models to predict default risk for consumer lending products. Perform feature engineering on financial transaction data. Validate models using regulatory backtesting frameworks. Collaborate with the risk analytics team to interpret and communicate model outputs.",Python|SQL|Statistics|Pandas|Machine Learning,R|Excel|Credit Scoring,Finance Tech,4,1100,Intermediate
INT-043,Recommendation Systems Intern,FeedRank AI,"San Jose, CA",United States,Remote,"Develop collaborative filtering and content-based recommendation algorithms for a media platform. Conduct offline and online A/B evaluation of recommendation quality. Optimize model serving latency for real-time inference. Collaborate with the data platform team on feature store integration.",Python|Machine Learning|SQL|NumPy|Git,TensorFlow|Spark|Redis,Machine Learning,4,2800,Advanced
INT-044,Healthcare Data Intern,MedInsight Analytics,"Boston, MA",United States,On-site,"Analyze electronic health records data to identify clinical patterns and risk factors. Build predictive models for patient readmission and disease progression. Ensure all analyses comply with HIPAA data privacy requirements. Collaborate with clinical researchers to interpret and validate findings.",Python|SQL|Statistics|Pandas|Healthcare Data,R|SPSS|Tableau,Data Science,5,2200,Intermediate
INT-045,API Development Intern,ConnectHub Software,"Dublin, Leinster",Ireland,Remote,"Design and build RESTful and GraphQL APIs for a developer platform. Write comprehensive API documentation and client SDK examples. Implement rate limiting, authentication, and versioning best practices. Collaborate with frontend and mobile teams to define API contracts.",Python|REST API|GraphQL|SQL|Git,FastAPI|Docker|Postman,Software Engineering,3,1700,Intermediate
INT-046,JAMstack Developer Intern,Atomic Web Studio,"Lisbon, Lisbon",Portugal,Remote,"Build performant static and server-rendered web applications using Next.js and headless CMS platforms. Integrate third-party APIs for payments, authentication, and content management. Optimize for SEO and Core Web Vitals metrics. Collaborate with designers and clients to deliver polished web experiences.",JavaScript|Next.js|React|CSS|Git,TypeScript|GraphQL|Tailwind CSS,Web Development,3,1100,Beginner
INT-047,Multilingual NLP Intern,GlobalLingua AI,"Paris, Île-de-France",France,Hybrid,"Develop cross-lingual NLP models for machine translation and multilingual text classification. Curate and preprocess multilingual datasets from diverse sources. Evaluate translation quality using BLEU and human evaluation. Collaborate with linguists and ML engineers to improve model coverage.",Python|Hugging Face Transformers|NLP|PyTorch|Git,mBERT|XLM-RoBERTa|FastAPI,NLP,5,2100,Advanced
INT-048,Satellite Imagery Analysis Intern,TerraScan Research,"Canberra, ACT",Australia,Remote,"Develop deep learning models for land cover classification from satellite imagery. Preprocess geospatial raster datasets and perform spatial data analysis. Benchmark model performance on public remote sensing datasets. Write technical documentation and contribute to research publications.",Python|OpenCV|TensorFlow|Geospatial Data|NumPy,QGIS|PyTorch|Google Earth Engine,Computer Vision,4,1800,Intermediate
INT-049,Platform Engineering Intern,GridOps Technologies,"Bangalore, Karnataka",India,Hybrid,"Build internal developer platform tooling to improve engineering productivity. Automate service deployment and configuration using Kubernetes operators. Monitor platform SLAs and contribute to reliability improvement initiatives. Collaborate with application teams to gather requirements and prioritize features.",Kubernetes|Python|Docker|Linux|Git,Helm|Golang|Prometheus,DevOps,4,900,Intermediate
INT-050,Cloud Security Intern,NimbusSec Cloud,"Chicago, IL",United States,Remote,"Assess cloud infrastructure configurations for security misconfigurations on AWS and Azure. Implement automated security scanning tools in CI/CD pipelines. Develop remediation playbooks for common cloud security findings. Collaborate with the cloud engineering team to enforce security best practices.",AWS|Azure|Python|Networking|Linux,Terraform|CSPM Tools|Bash,Cybersecurity,3,2100,Beginner
INT-051,Mobile Product Intern,AppVenture Labs,"Seoul, Seoul",South Korea,Hybrid,"Support the mobile product team in defining and prioritizing features for iOS and Android apps. Conduct competitive analysis and user satisfaction surveys. Write detailed user stories and acceptance criteria for engineering. Track feature adoption and report findings in weekly product reviews.",Communication|Jira|Excel|User Research|Analytics,SQL|Figma|Notion,Product Management,3,1300,Beginner
INT-052,Real-Time Analytics Intern,StreamIQ Data,"Hyderabad, Telangana",India,Remote,"Build real-time analytics pipelines processing millions of events per day. Develop Spark Structured Streaming jobs for session and funnel analysis. Monitor and tune pipeline performance for low-latency processing. Document pipeline architecture and maintain runbooks for the data engineering team.",Python|Apache Kafka|Apache Spark|SQL|Linux,Flink|Scala|Docker,Data Engineering,5,850,Intermediate
INT-053,Biomedical NLP Intern,HealthText Research,"Boston, MA",United States,On-site,"Extract clinical entities and relationships from unstructured medical notes using NLP. Fine-tune biomedical language models on annotated clinical datasets. Evaluate model outputs against expert annotations and iterate on improvements. Present research findings to clinical and engineering stakeholders.",Python|spaCy|Hugging Face Transformers|NLP|Git,BioBERT|Label Studio|FastAPI,NLP,4,2600,Advanced
INT-054,Pose Estimation Intern,MotionAI Labs,"Tokyo, Tokyo",Japan,On-site,"Develop human pose estimation models for fitness and rehabilitation applications. Collect and annotate motion capture datasets for model training. Optimize inference speed for real-time mobile deployment. Collaborate with the mobile engineering team on SDK integration.",Python|OpenCV|PyTorch|Computer Vision|NumPy,TensorFlow Lite|ONNX|MediaPipe,Computer Vision,5,1900,Intermediate
INT-055,Reliability Engineering Intern,PivotOps Cloud,"Dublin, Leinster",Ireland,Remote,"Develop automated testing and chaos engineering tools for distributed systems. Monitor system reliability metrics and contribute to SLA reporting. Build self-healing automation scripts for common failure scenarios. Participate in incident post-mortems and implement follow-up action items.",Linux|Python|Docker|Monitoring Tools|Git,Chaos Engineering|Kubernetes|Bash,DevOps,3,1700,Intermediate
INT-056,Digital Forensics Intern,TrustAnchor Security,"Dubai, Dubai",United Arab Emirates,On-site,"Assist in digital forensics investigations including disk image analysis and log correlation. Support incident response activities and document evidence handling procedures. Research forensic analysis techniques for cloud and mobile platforms. Maintain forensics lab tools and contribute to internal training materials.",Linux|Networking|Forensic Tools|Python|Documentation,Autopsy|Volatility|SQL,Cybersecurity,4,2000,Beginner
INT-057,B2B Product Intern,SaaSFlow Ventures,"Munich, Bavaria",Germany,Hybrid,"Research enterprise customer pain points and synthesize into product roadmap recommendations. Create detailed competitive battle cards and market analysis reports. Draft product briefs and work with engineering to define MVP scope. Track product adoption metrics and prepare monthly business reviews.",Communication|Excel|Data Analysis|Jira|Research,SQL|Notion|Salesforce,Product Management,4,1400,Beginner
INT-058,Metadata Management Intern,DataAtlas Solutions,"Bangalore, Karnataka",India,On-site,"Build and maintain data catalog systems to improve data discoverability across the organization. Implement metadata tagging standards and governance policies. Collaborate with data stewards to document data lineage and ownership. Develop APIs to expose metadata to internal analytics tools.",SQL|Python|Data Governance|Git|Documentation,Apache Atlas|dbt|REST API,Data Engineering,3,850,Beginner
INT-059,Causal Inference Research Intern,BehaviorLab Research,"Amsterdam, Netherlands",Netherlands,Remote,"Apply causal inference techniques to evaluate the impact of product interventions. Implement propensity score matching and instrumental variable methods. Collaborate with product and data science teams to design rigorous experiments. Write internal research reports and present findings at team seminars.",Python|Statistics|R|Causal Inference|Research Methods,SQL|Bayesian Methods|Pandas,Research,5,2700,Advanced
INT-060,Quantitative Research Intern,AlphaSignal Capital,"Hong Kong",Hong Kong,On-site,"Research and develop systematic trading signals from alternative and traditional data sources. Build and validate statistical models for return prediction and factor construction. Collaborate with portfolio management on signal integration. Maintain Python research libraries and internal research documentation.",Python|Statistics|Pandas|Financial Modeling|SQL,R|Time Series Analysis|Bloomberg API,Finance Tech,4,3000,Advanced
INT-061,Transfer Learning Intern,MetaLearn AI,"Toronto, Ontario",Canada,Remote,"Investigate transfer learning and domain adaptation strategies for low-resource scenarios. Benchmark pre-trained models on domain-specific classification tasks. Contribute to the development of internal fine-tuning frameworks. Present weekly updates and contribute to technical blog posts.",Python|PyTorch|Deep Learning|NumPy|Git,Hugging Face Transformers|scikit-learn|Weights & Biases,Machine Learning,4,2100,Intermediate
INT-062,Market Research Analyst Intern,InsightPulse Analytics,"Sydney, New South Wales",Australia,Hybrid,"Collect and analyze quantitative and qualitative market data for client reports. Build predictive models to forecast market trends and customer segments. Create compelling data visualizations and presentations for client delivery. Collaborate with the consulting team on project scoping and analysis design.",Python|SQL|Statistics|Data Visualization|Excel,R|Tableau|Power BI,Data Science,3,1600,Beginner
INT-063,Compiler Engineering Intern,ByteForge Systems,"Shenzhen, Guangdong",China,On-site,"Contribute to the development of an LLVM-based compiler optimization pass. Implement and test IR transformations for performance improvements. Write benchmarks to evaluate optimization effectiveness. Collaborate with the compilers team on design reviews and code contributions.",C++|Compilers|LLVM|Git|Systems Programming,Python|CMake|Assembly,Software Engineering,5,1600,Advanced
INT-064,CMS Web Development Intern,ContentFlow Agency,"Madrid, Community of Madrid",Spain,Remote,"Build and customize content management system integrations for client websites. Develop reusable frontend components using Vue.js and Tailwind CSS. Integrate headless CMS APIs with custom frontend rendering. Maintain code quality through code reviews and automated testing.",JavaScript|Vue.js|HTML|CSS|REST API,TypeScript|Git|Tailwind CSS,Web Development,3,1000,Beginner
INT-065,Question Answering Intern,KnowledgeBot AI,"London, England",United Kingdom,Remote,"Build open-domain question answering systems using retrieval-augmented generation approaches. Index and manage large knowledge bases for efficient semantic search. Fine-tune reader models on domain-specific QA datasets. Evaluate system accuracy and document error analysis findings.",Python|Hugging Face Transformers|NLP|PyTorch|FAISS,RAG|LangChain|FastAPI,NLP,4,2400,Advanced
INT-066,Defect Detection Vision Intern,QualityEye Inspection,"Munich, Bavaria",Germany,On-site,"Develop anomaly detection and defect classification models for manufacturing quality control. Collect and label industrial imaging datasets. Deploy vision models on edge hardware for real-time inspection. Write technical documentation and present results to manufacturing stakeholders.",Python|OpenCV|TensorFlow|NumPy|Computer Vision,PyTorch|ONNX|C++,Computer Vision,6,1700,Intermediate
INT-067,SecOps Automation Intern,GuardianOps Cloud,"Tel Aviv, Tel Aviv District",Israel,Hybrid,"Automate security operations workflows using SOAR platforms. Develop detection rules for SIEM systems based on threat intelligence feeds. Build dashboards to visualize security KPIs for the SOC team. Collaborate with threat hunters and incident responders on automation priorities.",Python|SIEM Tools|Bash|Networking|Linux,Splunk|Ansible|REST API,Cybersecurity,3,2100,Intermediate
INT-068,Enterprise Product Intern,Nexus Enterprise Software,"New York, NY",United States,On-site,"Conduct discovery sessions with enterprise customers to identify product gaps and opportunities. Document and prioritize product requirements in collaboration with engineering leads. Develop feature release notes and customer-facing documentation. Analyze product telemetry data to validate feature adoption.",Communication|Jira|Data Analysis|Excel|SQL,Salesforce|Notion|Tableau,Product Management,4,2600,Advanced
INT-069,Feature Store Intern,DataOps Accelerator,"Bangalore, Karnataka",India,Remote,"Design and implement a feature store for machine learning workflows to improve feature reuse. Build APIs to register, version, and serve features to training and inference pipelines. Monitor feature data quality and freshness with automated alerting. Document feature catalog and onboarding guides for data science teams.",Python|SQL|Apache Spark|Git|REST API,Feast|Redis|Airflow,Data Engineering,4,900,Intermediate
INT-070,Explainability Research Intern,TrustML Institute,"Paris, Île-de-France",France,Remote,"Research interpretability methods including SHAP, LIME, and attention visualization for complex ML models. Implement and compare explanation techniques across model types. Write research papers and internal technical reports on findings. Present at monthly institute-wide research seminars.",Python|PyTorch|Machine Learning|Statistics|Research Methods,SHAP|LIME|Jupyter,Research,5,2500,Advanced
INT-071,Derivatives Pricing Intern,OptiRisk Finance,Singapore,Singapore,On-site,"Develop numerical methods for pricing exotic derivatives including Monte Carlo simulations. Build automated pricing tools and integrate with risk management systems. Validate pricing models against market benchmarks. Collaborate with quant analysts and traders on model governance.",Python|MATLAB|Statistics|Financial Modeling|NumPy,R|C++|Excel,Finance Tech,4,2600,Intermediate
INT-072,Anomaly Detection Intern,Sentinel AI Labs,"Seattle, WA",United States,Remote,"Develop unsupervised and semi-supervised anomaly detection models for time series data. Evaluate models on benchmark datasets and real-world production logs. Collaborate with the platform team to integrate models into monitoring pipelines. Write technical documentation and contribute to open-source tooling.",Python|scikit-learn|PyTorch|Time Series|Statistics,TensorFlow|SQL|Docker,Machine Learning,4,2500,Intermediate
INT-073,Clinical Data Science Intern,BioStat Research Group,"Basel, Basel-Stadt",Switzerland,On-site,"Analyze clinical trial data to evaluate drug efficacy and safety outcomes. Build statistical models and perform survival analysis on patient cohorts. Ensure analyses meet regulatory standards for clinical data reporting. Collaborate with biostatisticians and clinical scientists on study design.",R|Statistics|SQL|SAS|Clinical Data,Python|Survival Analysis|SPSS,Data Science,6,2200,Intermediate
INT-074,Microservices Developer Intern,ServiceMesh Labs,"Amsterdam, Netherlands",Netherlands,Hybrid,"Design and implement microservices for a cloud-native platform using Go. Build gRPC and REST interfaces and write thorough API documentation. Implement circuit breakers and retry logic for service resilience. Participate in architecture reviews and contribute to engineering standards.",Go|REST API|gRPC|Docker|Kubernetes,Linux|Git|SQL,Software Engineering,4,1900,Intermediate
INT-075,Progressive Web App Intern,WebSpark Technologies,"Cape Town, Western Cape",South Africa,Remote,"Build progressive web applications with offline capabilities and push notifications. Optimize performance using service workers and lazy loading strategies. Implement responsive layouts for diverse screen sizes and devices. Collaborate with backend engineers to design efficient API consumption patterns.",JavaScript|React|HTML|CSS|Service Workers,TypeScript|IndexedDB|Git,Web Development,3,800,Beginner
INT-076,Dialogue Systems Intern,ChatCore AI,"Stockholm, Stockholm",Sweden,Hybrid,"Develop end-to-end dialogue management systems for customer service automation. Train and evaluate intent recognition and slot filling models. Build conversation analytics dashboards to monitor bot performance. Collaborate with product and customer success teams on dialogue flow design.",Python|NLP|Machine Learning|Rasa|Git,SQL|FastAPI|Hugging Face Transformers,NLP,3,2000,Intermediate
INT-077,Video Analytics Intern,StreamVision AI,"Los Angeles, CA",United States,On-site,"Develop video understanding models for action recognition and scene classification. Preprocess and annotate large video datasets for model training. Benchmark model performance on standard video datasets. Collaborate with the platform team on real-time video inference infrastructure.",Python|OpenCV|PyTorch|Computer Vision|NumPy,TensorFlow|CUDA|FFmpeg,Computer Vision,5,2800,Advanced
INT-078,FinOps Intern,CloudCost Optimizer,"Dublin, Leinster",Ireland,Remote,"Analyze cloud infrastructure costs and identify optimization opportunities across AWS, GCP, and Azure. Build automated cost allocation and chargeback reporting tools. Develop dashboards for engineering team budget visibility. Collaborate with engineering leads to implement cost reduction recommendations.",AWS|GCP|Python|Excel|Linux,Terraform|SQL|Azure,DevOps,3,1700,Beginner
INT-079,Red Team Intern,OffensiveSec Labs,"Berlin, Germany",Germany,On-site,"Participate in authorized red team exercises targeting enterprise network infrastructure. Perform social engineering assessments and phishing simulation campaigns. Document attack chains and write detailed reports for blue team remediation. Study and apply MITRE ATT&CK framework techniques.",Linux|Networking|Ethical Hacking|Python|Kali Linux,Metasploit|OSINT|Cobalt Strike,Cybersecurity,4,1800,Advanced
INT-080,AI Product Strategy Intern,QuantumLeap AI,"San Francisco, CA",United States,Hybrid,"Research AI market trends and competitive landscape for strategic product planning. Define use cases and value propositions for new AI-powered product features. Collaborate with research and engineering teams to assess technical feasibility. Prepare executive briefings and product strategy presentations.",Communication|Research|Data Analysis|Excel|Presentation,SQL|Notion|Figma,Product Management,3,2600,Intermediate
INT-081,Graph Data Engineering Intern,NetGraph Analytics,"Warsaw, Masovian",Poland,Remote,"Build and maintain graph database pipelines using Neo4j for network analysis applications. Develop ETL workflows to ingest relational data into graph structures. Write Cypher queries for complex graph traversals and analytics. Document graph data models and collaborate with data scientists on feature extraction.",Python|SQL|Neo4j|ETL|Git,Apache Spark|Cypher|Docker,Data Engineering,4,900,Beginner
INT-082,Meta-Learning Research Intern,AdaptNet Research,"Cambridge, England",United Kingdom,On-site,"Investigate few-shot and meta-learning approaches for rapid model adaptation. Implement meta-learning algorithms including MAML and Prototypical Networks. Benchmark approaches on standard few-shot learning datasets. Write technical reports and contribute to academic publication submissions.",Python|PyTorch|Deep Learning|Research Methods|Git,JAX|NumPy|LaTeX,Research,6,2800,Advanced
INT-083,Payments Technology Intern,PayRoute FinTech,Singapore,Singapore,Hybrid,"Develop backend services for a real-time payments processing platform. Build fraud detection integrations and transaction monitoring dashboards. Collaborate with compliance and security teams on regulatory requirements. Write technical specifications and participate in code reviews.",Python|SQL|REST API|Git|Payments Systems,Java|Docker|Redis,Finance Tech,4,2200,Intermediate
INT-084,AutoML Intern,AutoTune AI,"Toronto, Ontario",Canada,Remote,"Research and implement automated machine learning pipelines for hyperparameter optimization. Integrate Bayesian optimization and neural architecture search techniques. Benchmark AutoML approaches on diverse ML tasks. Contribute to open-source AutoML tooling and write tutorial documentation.",Python|scikit-learn|PyTorch|Machine Learning|Git,Optuna|Ray Tune|Docker,Machine Learning,4,2000,Intermediate
INT-085,Epidemiology Data Intern,PublicHealth Analytics,"Geneva, Geneva",Switzerland,On-site,"Analyze public health surveillance data to monitor disease trends and outbreak patterns. Build statistical and predictive models for epidemiological forecasting. Create geospatial visualizations of health indicator data. Collaborate with WHO and partner organizations on data sharing and reporting.",Python|R|Statistics|SQL|Epidemiology,GIS|Tableau|Excel,Data Science,5,2000,Intermediate
INT-086,Platform API Intern,DevHub Technologies,"Austin, TX",United States,Hybrid,"Build and maintain developer-facing APIs for a cloud platform serving thousands of enterprise clients. Write and maintain comprehensive API reference documentation. Implement SDK improvements based on developer feedback. Collaborate with developer relations and engineering teams on platform features.",Python|REST API|SQL|Git|Documentation,FastAPI|Docker|OpenAPI,Software Engineering,3,2100,Intermediate
INT-087,Web Performance Intern,FastLoad Agency,"Barcelona, Catalonia",Spain,Remote,"Audit and optimize web application performance including rendering, loading, and runtime efficiency. Implement code splitting, lazy loading, and caching strategies. Conduct performance testing using Lighthouse and WebPageTest. Document performance improvement results and best practices.",JavaScript|HTML|CSS|Web Performance|Git,React|Webpack|Chrome DevTools,Web Development,3,1100,Intermediate
INT-088,Semantic Search Intern,SearchCore AI,"Hyderabad, Telangana",India,Remote,"Build semantic search systems using dense retrieval and reranking approaches. Develop and maintain vector indexes for large document corpora. Fine-tune embedding models for domain-specific retrieval tasks. Evaluate retrieval quality using standard IR benchmarks.",Python|NLP|Hugging Face Transformers|FAISS|Git,Elasticsearch|FastAPI|Docker,NLP,4,900,Intermediate
INT-089,Augmented Reality Vision Intern,ARSpace Labs,"Tokyo, Tokyo",Japan,On-site,"Develop computer vision pipelines for real-time AR object tracking and scene understanding. Implement SLAM and depth estimation algorithms for AR applications. Optimize vision models for mobile GPU deployment. Collaborate with the AR engineering team on SDK integration.",Python|OpenCV|C++|Computer Vision|SLAM,PyTorch|CUDA|ARKit,Computer Vision,6,2100,Advanced
INT-090,Kubernetes Platform Intern,OrchestOps Solutions,"Melbourne, Victoria",Australia,Hybrid,"Extend and maintain an internal Kubernetes platform serving 50+ engineering teams. Develop custom operators and admission webhooks using Go. Build self-service tooling to reduce operational burden on the platform team. Contribute to platform documentation and onboarding materials.",Kubernetes|Go|Docker|Linux|Git,Helm|Python|Prometheus,DevOps,4,1800,Intermediate
INT-091,Bug Bounty Research Intern,VulnTrack Security,"Cape Town, Western Cape",South Africa,Remote,"Research and reproduce vulnerabilities in web and API targets under a structured bug bounty program. Write clear and reproducible proof-of-concept exploit reports. Contribute to internal vulnerability knowledge base and CVE tracking. Collaborate with the security research team on disclosure coordination.",Python|Burp Suite|Networking|Linux|Ethical Hacking,OWASP|REST API|Bash,Cybersecurity,3,1200,Beginner
INT-092,Platform Product Intern,BuildRight Platform Co,"Sydney, New South Wales",Australia,Hybrid,"Define and prioritize features for a developer productivity platform. Conduct usability studies with internal engineering teams. Write product requirement documents and collaborate with design and engineering. Analyze platform usage telemetry and report on adoption metrics.",Communication|Jira|User Research|SQL|Excel,Figma|Notion|Amplitude,Product Management,3,1700,Beginner
INT-093,Observability Intern,MonitorStack Technologies,"Seoul, Seoul",South Korea,Remote,"Build and maintain distributed tracing and logging pipelines for a cloud-native application. Develop dashboards for system health and user journey analysis. Implement alerting rules and on-call runbooks. Collaborate with engineering teams to improve observability coverage.",Python|SQL|Prometheus|Grafana|Linux,OpenTelemetry|Elasticsearch|Docker,Data Engineering,4,1300,Beginner
INT-094,Geometric Deep Learning Intern,GraphMind Research,"Oxford, England",United Kingdom,Remote,"Research graph neural network architectures for molecular property prediction. Implement GNN models and benchmark on standard molecular datasets. Contribute to research publications and present at internal seminars. Maintain reproducible experiment codebases using MLflow.",Python|PyTorch|Graph Neural Networks|Research Methods|NumPy,DGL|PyG|LaTeX,Research,6,2700,Advanced
INT-095,Insurtech Intern,CoverSmart FinTech,"Frankfurt, Hesse",Germany,On-site,"Build predictive models for insurance risk scoring and pricing optimization. Analyze policyholder data to identify fraud patterns and anomalies. Collaborate with actuarial and data science teams on model development. Present model validation results to risk and compliance stakeholders.",Python|SQL|Statistics|Pandas|Machine Learning,R|Excel|scikit-learn,Finance Tech,4,1600,Intermediate
INT-096,Self-Supervised Learning Intern,RepLearn AI,"San Francisco, CA",United States,Remote,"Research self-supervised pre-training methods including contrastive learning and masked autoencoders. Implement and evaluate SSL approaches for vision and language tasks. Maintain reproducible benchmarking pipelines. Contribute to internal research presentations and technical blog posts.",Python|PyTorch|Deep Learning|Research Methods|Git,JAX|Weights & Biases|NumPy,Machine Learning,5,2700,Advanced
INT-097,Retail Analytics Intern,ShelfSense Analytics,"Dubai, Dubai",United Arab Emirates,Hybrid,"Analyze point-of-sale and customer loyalty data to identify sales trends and opportunities. Build demand forecasting models for inventory optimization. Create dashboards for store performance monitoring. Collaborate with category managers and operations teams on insights delivery.",Python|SQL|Excel|Statistics|Pandas,Power BI|Tableau|R,Data Science,3,1500,Beginner
INT-098,Developer Tools Intern,CodeLens Software,"Toronto, Ontario",Canada,Remote,"Build IDE plugins and developer tooling to improve code quality and productivity. Integrate static analysis and linting tools into CI/CD workflows. Write documentation and tutorials for developer tool adoption. Gather developer feedback and iterate on tooling improvements.",Python|JavaScript|Git|REST API|Documentation,Node.js|Docker|VS Code API,Software Engineering,3,1900,Beginner
INT-099,Accessibility Engineering Intern,IncludeWeb Agency,"Amsterdam, Netherlands",Netherlands,Remote,"Audit web applications for WCAG 2.1 accessibility compliance and document findings. Implement accessibility improvements across UI components including ARIA roles and keyboard navigation. Write automated accessibility tests using axe-core. Educate development teams on accessibility best practices.",JavaScript|HTML|CSS|Accessibility|Git,React|ARIA|axe-core,Web Development,3,1600,Beginner
INT-100,Knowledge Graph NLP Intern,OntologyAI Research,"Berlin, Germany",Germany,Remote,"Build NLP pipelines to extract entities and relations for knowledge graph construction. Develop coreference resolution and entity linking components. Evaluate information extraction quality against annotated benchmarks. Contribute to research publications on knowledge graph completion.",Python|spaCy|NLP|Knowledge Graphs|Git,Hugging Face Transformers|Neo4j|PyTorch,NLP,5,2200,Advanced
INT-101,Action Recognition Intern,SportVision AI,"Los Angeles, CA",United States,Hybrid,"Develop temporal action recognition models for sports broadcast video analysis. Build video preprocessing pipelines for large-scale sports datasets. Evaluate models across diverse sports categories and lighting conditions. Collaborate with sports analytics clients to define performance requirements.",Python|PyTorch|OpenCV|Computer Vision|NumPy,CUDA|TensorFlow|FFmpeg,Computer Vision,4,2600,Intermediate
INT-102,GitOps Intern,FlowOps Engineering,"Paris, Île-de-France",France,Remote,"Implement GitOps workflows for infrastructure and application deployment using ArgoCD. Maintain Helm charts and Kubernetes manifests across multiple environments. Build automated deployment validation and rollback procedures. Document GitOps best practices and onboard engineering teams.",Git|Kubernetes|Docker|Linux|Helm,ArgoCD|Python|Bash,DevOps,3,1600,Beginner
INT-103,Malware Research Intern,ByteHound Security,"Sydney, New South Wales",Australia,On-site,"Analyze and reverse engineer malware samples using static and dynamic analysis techniques. Build detection signatures for new malware families. Contribute to threat intelligence reports and internal security advisories. Collaborate with the detection engineering team on rule development.",Python|Malware Analysis|Reverse Engineering|Linux|Networking,IDA Pro|Ghidra|YARA,Cybersecurity,4,2000,Intermediate
INT-104,Consumer Product Intern,SparkApp Ventures,"Mumbai, Maharashtra",India,Hybrid,"Conduct user research and usability testing for a consumer mobile application. Define and track product metrics including DAU, retention, and conversion. Write product specs and collaborate with engineering to ship features. Analyze user feedback from app store reviews and support channels.",Communication|User Research|Data Analysis|Excel|Figma,SQL|Jira|Amplitude,Product Management,3,800,Beginner
INT-105,Streaming ETL Intern,DataVelocity Solutions,"Hyderabad, Telangana",India,On-site,"Develop high-throughput ETL pipelines processing clickstream and event data. Implement exactly-once processing guarantees using Apache Flink. Monitor pipeline throughput and optimize for cost efficiency. Maintain pipeline documentation and contribute to data engineering standards.",Python|Apache Flink|Apache Kafka|SQL|Git,Scala|Docker|Airflow,Data Engineering,5,800,Intermediate
INT-106,Active Learning Research Intern,LabelEfficient AI,"London, England",United Kingdom,Remote,"Research active learning strategies to minimize labeling costs for ML model training. Implement query strategies including uncertainty sampling and core-set selection. Benchmark active learning approaches on image and text classification tasks. Publish findings in internal research reports and external venues.",Python|scikit-learn|PyTorch|Research Methods|Statistics,NumPy|Label Studio|Git,Research,5,2600,Intermediate
INT-107,RegTech Intern,ComplianceAI Finance,"Frankfurt, Hesse",Germany,Hybrid,"Build NLP tools to automate regulatory document analysis and compliance monitoring. Develop entity extraction pipelines for financial regulatory filings. Collaborate with compliance officers to validate model outputs. Maintain audit trails and documentation for regulatory reporting.",Python|NLP|SQL|Pandas|Git,Hugging Face Transformers|FastAPI|Excel,Finance Tech,4,1700,Intermediate
INT-108,Neural Architecture Search Intern,DesignNet Research,"Seattle, WA",United States,Remote,"Investigate neural architecture search methods for efficient model design. Implement NAS algorithms including DARTS and evolutionary search. Benchmark discovered architectures on vision and language benchmarks. Contribute to internal research tooling and publish technical reports.",Python|PyTorch|Deep Learning|Research Methods|Git,JAX|NumPy|Weights & Biases,Machine Learning,5,2700,Advanced
INT-109,Behavioral Analytics Intern,HumanData Science,"Copenhagen, Capital Region",Denmark,Remote,"Analyze user behavior data to model engagement patterns and churn predictors. Build segmentation models and cohort analyses for product and marketing teams. Visualize insights using interactive dashboards. Collaborate with data engineers to ensure tracking instrumentation quality.",Python|SQL|Statistics|Pandas|Data Visualization,R|Tableau|Amplitude,Data Science,3,1700,Beginner
INT-110,Embedded Systems Intern,FirmwareTech Labs,"Munich, Bavaria",Germany,On-site,"Develop firmware modules for IoT sensor devices using C and C++. Write hardware abstraction layer drivers for custom peripherals. Debug real-time operating system issues using logic analyzers and oscilloscopes. Collaborate with hardware engineers on bring-up and validation.",C|C++|Embedded Systems|RTOS|Git,Python|Linux|Assembly,Software Engineering,6,1500,Advanced
INT-111,Headless Commerce Intern,CommerceLab Digital,"Madrid, Community of Madrid",Spain,Remote,"Build custom storefronts using headless commerce APIs and React frameworks. Integrate payment, inventory, and shipping APIs for a multi-vendor marketplace. Optimize storefront performance for Core Web Vitals compliance. Participate in sprint reviews and technical design sessions.",JavaScript|React|REST API|HTML|CSS,Next.js|TypeScript|Git,Web Development,4,1100,Intermediate
INT-112,Biomedical Text Mining Intern,GenomeInsight Research,"Basel, Basel-Stadt",Switzerland,On-site,"Mine scientific literature to extract gene-disease associations and drug interactions. Build named entity recognition pipelines for biomedical text. Develop relation extraction models for knowledge graph population. Collaborate with bioinformaticians on downstream analysis applications.",Python|NLP|spaCy|Hugging Face Transformers|Git,BioBERT|Neo4j|SQL,NLP,5,2300,Intermediate
INT-113,Depth Estimation Intern,3DSense Technologies,"Tokyo, Tokyo",Japan,Hybrid,"Develop monocular depth estimation models for indoor navigation applications. Preprocess and augment RGB-D training datasets. Evaluate model accuracy against lidar ground truth measurements. Collaborate with the robotics team on real-world deployment testing.",Python|PyTorch|OpenCV|Computer Vision|NumPy,ROS|CUDA|TensorFlow,Computer Vision,5,2000,Intermediate
INT-114,Infrastructure Security Intern,BastionNet Security,Singapore,Singapore,Remote,"Perform security hardening reviews on cloud and on-premises infrastructure. Develop automated compliance checks using Python and Bash scripts. Build internal tooling for continuous infrastructure security monitoring. Collaborate with DevOps and cloud engineering teams on remediation.",Linux|Python|Bash|Networking|AWS,Terraform|Docker|Ansible,Cybersecurity,4,1600,Intermediate
INT-115,HealthTech Product Intern,CareFlow Digital,"Boston, MA",United States,Hybrid,"Define product requirements for a patient-facing digital health platform. Conduct interviews with clinicians and patients to gather product insights. Collaborate with regulatory and clinical teams on feature feasibility. Track feature delivery and measure clinical outcome metrics.",Communication|User Research|Jira|Excel|Healthcare,SQL|Figma|Notion,Product Management,4,2400,Intermediate
INT-116,Time Series Forecasting Intern,PredictFlow Analytics,"Bangalore, Karnataka",India,Remote,"Build time series forecasting models for retail demand and supply chain optimization. Evaluate classical and deep learning forecasting approaches on benchmark datasets. Develop automated model selection and evaluation pipelines. Document model performance and deployment recommendations.",Python|SQL|Pandas|Time Series|scikit-learn,Prophet|LightGBM|Docker,Data Engineering,4,900,Beginner
INT-117,Neurosymbolic AI Research Intern,SymbolicMind Research,"Oxford, England",United Kingdom,Remote,"Investigate hybrid approaches combining neural networks and symbolic reasoning for structured prediction. Implement neuro-symbolic architectures and evaluate on reasoning benchmarks. Write research reports and prepare conference paper submissions. Engage in weekly group research discussions.",Python|PyTorch|Logic Programming|Research Methods|Git,NumPy|LaTeX|Prolog,Research,6,2800,Advanced
INT-118,WealthTech Intern,PortfolioIQ Finance,"Zurich, Zurich",Switzerland,On-site,"Build robo-advisory algorithms for personalized portfolio construction and rebalancing. Develop risk profiling tools and back-test investment strategies. Collaborate with compliance to ensure regulatory adherence. Write technical documentation for investment algorithms.",Python|Statistics|Pandas|Financial Modeling|SQL,R|Excel|NumPy,Finance Tech,4,2800,Advanced
INT-119,Continual Learning Intern,MemoryNet AI,"Montreal, Quebec",Canada,Remote,"Research catastrophic forgetting mitigation strategies for continual learning systems. Implement regularization-based and memory replay approaches. Benchmark on standard continual learning benchmarks. Contribute to internal technical reports and open-source tool development.",Python|PyTorch|Deep Learning|Research Methods|Git,JAX|NumPy|scikit-learn,Machine Learning,4,2100,Intermediate
INT-120,Geospatial Data Intern,MapData Science,"Cape Town, Western Cape",South Africa,Hybrid,"Build geospatial data pipelines integrating satellite, census, and mobility datasets. Perform spatial analysis and modeling for urban planning and resource allocation. Create interactive map visualizations for stakeholder reporting. Collaborate with government clients on data sharing and governance.",Python|SQL|GIS|Pandas|Data Visualization,QGIS|GeoPandas|Tableau,Data Science,4,900,Beginner
INT-121,SDK Development Intern,DevKit Technologies,"Berlin, Germany",Germany,Remote,"Design and build client SDKs in Python and JavaScript for a developer platform API. Write comprehensive SDK documentation and quickstart examples. Build automated SDK testing pipelines and maintain versioned releases. Gather developer feedback and prioritize SDK improvement roadmap items.",Python|JavaScript|REST API|Git|Documentation,TypeScript|Docker|OpenAPI,Software Engineering,3,1800,Beginner
INT-122,Vue.js Frontend Intern,AppCraft Studio,"Lisbon, Lisbon",Portugal,Remote,"Build and maintain Vue.js components for a SaaS dashboard product. Integrate with REST APIs and manage application state using Vuex. Write unit tests and maintain Storybook component documentation. Participate in design reviews and front-end architecture discussions.",JavaScript|Vue.js|HTML|CSS|Git,TypeScript|Vuex|Storybook,Web Development,3,1000,Beginner
INT-123,Information Extraction Intern,StructureAI Research,"Montreal, Quebec",Canada,Remote,"Build end-to-end information extraction pipelines for structured data extraction from documents. Develop table and form understanding models using layout-aware transformers. Evaluate extraction accuracy on diverse document types. Contribute to internal benchmark datasets and research publications.",Python|NLP|Hugging Face Transformers|PyTorch|Git,LayoutLM|spaCy|FastAPI,NLP,4,2200,Intermediate
INT-124,Scene Understanding Intern,PerceptAI Vision,"Toronto, Ontario",Canada,Hybrid,"Develop semantic segmentation and panoptic segmentation models for autonomous systems. Train models on diverse urban scene datasets and evaluate robustness. Optimize inference performance using model compression techniques. Collaborate with the autonomous navigation team on system integration.",Python|PyTorch|OpenCV|Computer Vision|NumPy,TensorRT|CUDA|Docker,Computer Vision,5,2300,Advanced
INT-125,Cost Optimization Intern,BudgetOps Cloud,"Canberra, ACT",Australia,Remote,"Analyze multi-cloud spending patterns and identify optimization opportunities. Build automated rightsizing recommendations for compute and storage resources. Develop tagging and chargeback policy automation using Python. Collaborate with engineering teams to implement and validate cost savings.",AWS|Python|Excel|Linux|SQL,GCP|Terraform|Azure,DevOps,3,1700,Beginner
INT-126,IoT Security Intern,EdgeGuard Security,"Shenzhen, Guangdong",China,On-site,"Research and assess security vulnerabilities in IoT devices and communication protocols. Perform firmware extraction and analysis on embedded devices. Develop detection rules for anomalous IoT network behavior. Write vulnerability reports and contribute to internal IoT security guidelines.",Linux|Networking|Python|Firmware Analysis|Embedded Systems,Wireshark|MQTT|Bash,Cybersecurity,4,1300,Intermediate
INT-127,Monetization Product Intern,RevStream Digital,"Chicago, IL",United States,Hybrid,"Analyze subscription and monetization funnel data to identify revenue growth opportunities. Design and run A/B tests on pricing page and paywall experiences. Collaborate with engineering and design to implement monetization features. Present revenue impact analysis to the leadership team.",SQL|Analytics|Excel|Communication|A/B Testing,Python|Tableau|Stripe API,Product Management,3,2200,Intermediate
INT-128,Vector Database Intern,EmbedStore Technologies,"Amsterdam, Netherlands",Netherlands,Remote,"Research and implement vector database architectures for semantic search and retrieval. Benchmark embedding storage and retrieval solutions across latency and recall tradeoffs. Build integrations with ML model serving infrastructure. Write technical documentation and contribute to the open-source community.",Python|SQL|FAISS|Git|REST API,PostgreSQL|Docker|NumPy,Data Engineering,4,1700,Intermediate
INT-129,Causal ML Research Intern,CausalAI Lab,"London, England",United Kingdom,Remote,"Apply causal machine learning methods for heterogeneous treatment effect estimation. Implement and compare doubly-robust estimators and meta-learners. Contribute to reproducible benchmarking frameworks for causal inference. Write academic papers and present at internal research workshops.",Python|R|Causal Inference|Statistics|Research Methods,PyTorch|EconML|LaTeX,Research,6,2800,Advanced
INT-130,Credit Scoring Intern,LendSmart Finance,"Mumbai, Maharashtra",India,On-site,"Develop credit scoring models for underserved borrower segments using alternative data. Build feature engineering pipelines for transactional and behavioral data. Validate model fairness and bias using standard fairness metrics. Collaborate with risk and product teams on model governance.",Python|SQL|Statistics|scikit-learn|Pandas,XGBoost|Excel|R,Finance Tech,4,900,Intermediate
INT-131,Efficient ML Intern,LightNet AI,"Seattle, WA",United States,Remote,"Research model compression techniques including pruning, quantization, and knowledge distillation. Benchmark compressed models on accuracy-efficiency tradeoffs. Implement efficient inference pipelines for edge deployment. Contribute to internal tools for automated model optimization.",Python|PyTorch|Deep Learning|NumPy|Git,ONNX|TensorRT|TensorFlow Lite,Machine Learning,4,2600,Advanced
INT-132,Operations Analytics Intern,LogiSense Analytics,"Dubai, Dubai",United Arab Emirates,Hybrid,"Analyze logistics and supply chain operational data to identify efficiency improvements. Build optimization models for routing, inventory, and capacity planning. Create dashboards for operations management reporting. Collaborate with supply chain and operations teams on data-driven decision-making.",Python|SQL|Statistics|Operations Research|Excel,R|Tableau|Power BI,Data Science,3,1500,Intermediate
INT-133,Game Backend Intern,PlayNova Studios,"Seoul, Seoul",South Korea,On-site,"Build scalable backend services for a multiplayer online game platform. Implement real-time matchmaking and leaderboard APIs. Optimize database queries for low-latency game state persistence. Collaborate with game designers and client engineers on feature development.",Python|SQL|Redis|REST API|Git,Docker|Kubernetes|Node.js,Software Engineering,4,1400,Intermediate
INT-134,WebGL Developer Intern,VisualCraft Studio,"Barcelona, Catalonia",Spain,Remote,"Build interactive 3D data visualizations using WebGL and Three.js. Optimize rendering performance for complex scenes on consumer hardware. Develop reusable 3D component libraries for the product team. Collaborate with data scientists to define visualization requirements.",JavaScript|WebGL|Three.js|HTML|CSS,TypeScript|GLSL|Git,Web Development,4,1200,Intermediate
INT-135,Coreference Resolution Intern,DiscourseAI Research,"Tokyo, Tokyo",Japan,Remote,"Research and implement neural coreference resolution models for English and Japanese. Develop evaluation benchmarks for cross-lingual coreference tasks. Fine-tune transformer models on domain-specific coreference datasets. Contribute to research publications and present at internal seminars.",Python|NLP|PyTorch|spaCy|Research Methods,Hugging Face Transformers|LaTeX|Git,NLP,5,1800,Advanced
INT-136,Drone Vision Intern,AeroSense Labs,Singapore,Singapore,On-site,"Develop real-time object tracking and detection algorithms for drone-mounted cameras. Preprocess aerial imagery datasets and train detection models. Optimize models for embedded GPU deployment on drone hardware. Collaborate with the drone engineering team on field testing and evaluation.",Python|OpenCV|PyTorch|Computer Vision|NumPy,CUDA|TensorRT|ROS,Computer Vision,6,2000,Advanced
INT-137,Security Compliance Intern,TrustFrame GRC,"London, England",United Kingdom,Hybrid,"Support ISO 27001 and SOC 2 compliance initiatives across the organization. Conduct control assessments and document findings in GRC platforms. Assist in developing security policies and employee awareness training materials. Track remediation of audit findings and prepare compliance status reports.",GRC Tools|Documentation|Excel|Networking|Communication,Python|SQL|ISO 27001,Cybersecurity,3,1500,Beginner
INT-138,Platform Discovery Intern,Discover Product Labs,"New York, NY",United States,Remote,"Develop the product strategy for a content discovery and search feature. Conduct user research and analyze search query data to identify gaps. Collaborate with ML and engineering teams on recommendation algorithm requirements. Write product specs and track feature rollout metrics.",Communication|SQL|Data Analysis|Jira|User Research,Figma|Notion|Python,Product Management,3,2400,Intermediate
INT-139,Data Lineage Intern,LineageIQ Data,"Warsaw, Masovian",Poland,Remote,"Build automated data lineage tracking for a cloud data platform. Develop parsers to extract lineage from SQL queries and pipeline DAGs. Visualize data lineage graphs for data governance reporting. Collaborate with data governance and engineering teams on metadata standards.",Python|SQL|Data Governance|Git|Graph Algorithms,Apache Atlas|dbt|Neo4j,Data Engineering,4,900,Beginner
INT-140,Continual NLP Research Intern,AdaptText Research,"Cambridge, England",United Kingdom,Remote,"Research domain adaptation strategies for large language models in specialized domains. Implement parameter-efficient fine-tuning methods including LoRA and adapters. Benchmark adapted models on domain-specific NLP tasks. Contribute to internal and external research publications.",Python|PyTorch|NLP|Hugging Face Transformers|Research Methods,LoRA|Git|LaTeX,Research,6,2700,Advanced
INT-141,ESG Analytics Intern,GreenLedger Finance,"Stockholm, Stockholm",Sweden,Hybrid,"Analyze ESG data to build scoring models for sustainable investment screening. Develop data pipelines to aggregate ESG disclosures from diverse sources. Create visualization dashboards for ESG portfolio analytics. Collaborate with portfolio managers and sustainability analysts.",Python|SQL|Statistics|Pandas|Excel,R|Tableau|Bloomberg API,Finance Tech,3,1800,Beginner
INT-142,Sparse ML Research Intern,EffiLearn Research,"Montreal, Quebec",Canada,Remote,"Investigate sparse neural network training and inference for resource-efficient AI. Implement structured and unstructured sparsity techniques. Benchmark sparse models on standard vision and language tasks. Contribute to open-source tools and internal technical reports.",Python|PyTorch|Deep Learning|Research Methods|NumPy,JAX|Git|Weights & Biases,Machine Learning,5,2300,Intermediate
INT-143,Clinical Trials Data Intern,BioPharm Analytics,"Basel, Basel-Stadt",Switzerland,On-site,"Process and analyze clinical trial data for multiple therapeutic areas. Build automated data validation and quality checking pipelines. Produce regulatory-standard statistical analysis reports. Collaborate with biostatisticians and data managers on study data governance.",R|SAS|SQL|Statistics|Clinical Data,Python|Excel|SPSS,Data Science,6,2100,Intermediate
INT-144,Open Source Developer Intern,CommonsLab Software,"Berlin, Germany",Germany,Remote,"Contribute to open-source Python libraries for a distributed computing framework. Implement new features based on community issue requests. Write comprehensive unit tests and documentation for contributions. Participate in code review processes and community discussions.",Python|Git|Open Source|Documentation|Linux,Docker|CI/CD|REST API,Software Engineering,3,1600,Beginner
INT-145,Landing Page Optimization Intern,ConversionLab Digital,"Cape Town, Western Cape",South Africa,Remote,"Build and A/B test landing page variants to improve conversion rates. Implement analytics tracking and heatmap tooling. Optimize page speed and mobile responsiveness. Collaborate with marketing and design teams on campaign page development.",JavaScript|HTML|CSS|Web Analytics|Git,React|Google Analytics|Figma,Web Development,3,800,Beginner
INT-146,Argument Mining Intern,DebateAI Research,"Paris, Île-de-France",France,Remote,"Build NLP models to identify and classify argumentative structures in text. Develop argument relationship extraction pipelines for debate and legal documents. Evaluate models on standard argumentation mining benchmarks. Contribute to research publications and internal NLP tooling.",Python|NLP|PyTorch|spaCy|Research Methods,Hugging Face Transformers|LaTeX|Git,NLP,5,2200,Intermediate
INT-147,Retail CV Intern,ShopScan Vision,"Shanghai, Shanghai",China,On-site,"Develop product recognition and shelf monitoring models for retail analytics. Annotate and manage large-scale retail product image datasets. Evaluate model accuracy across diverse retail environments. Collaborate with retail operations clients on deployment requirements.",Python|OpenCV|TensorFlow|Computer Vision|NumPy,PyTorch|Docker|SQL,Computer Vision,4,1300,Beginner
INT-148,DataOps Intern,DataFlow Reliability,"Bangalore, Karnataka",India,Hybrid,"Build observability tooling for data pipeline reliability monitoring. Develop automated data quality checks and anomaly detection for production pipelines. Maintain incident runbooks and contribute to SLA reporting. Collaborate with data engineering teams on reliability best practices.",Python|SQL|Apache Airflow|Git|Linux,dbt|Prometheus|Docker,DevOps,4,900,Beginner
INT-149,Vulnerability Management Intern,PatchOps Security,"Copenhagen, Capital Region",Denmark,On-site,"Manage the vulnerability lifecycle from discovery through remediation across enterprise systems. Develop automated scanning workflows and prioritization frameworks. Track remediation progress and report to risk management stakeholders. Contribute to security awareness and patch management documentation.",Linux|Nmap|Python|Networking|Documentation,Tenable|Qualys|Excel,Cybersecurity,3,1700,Beginner
INT-150,Fintech Product Intern,LendOps Digital,"Mumbai, Maharashtra",India,Remote,"Define and prioritize features for a digital lending platform targeting small businesses. Conduct user interviews and analyze support ticket data for product insights. Write detailed product requirements and collaborate with engineering on delivery. Track product KPIs and present monthly performance reviews.",Communication|Jira|Excel|User Research|SQL,Figma|Notion|Analytics,Product Management,3,700,Beginner
INT-151,Lakehouse Analytics Intern,DataLake Solutions,"Warsaw, Masovian",Poland,Remote,"Build analytics layers on top of a Delta Lake data lakehouse. Develop Spark SQL transformations and maintain dbt models. Monitor data freshness and pipeline health using automated dashboards. Collaborate with data scientists on curating feature datasets.",Python|Apache Spark|SQL|dbt|Git,Delta Lake|Databricks|Airflow,Data Engineering,4,900,Intermediate
INT-152,Robustness Research Intern,ReliableAI Research,"Montreal, Quebec",Canada,Remote,"Research adversarial robustness and out-of-distribution detection for deep learning models. Implement certified defenses and evaluate on standard robustness benchmarks. Contribute to internal tooling for robustness evaluation. Write technical reports and academic paper drafts.",Python|PyTorch|Deep Learning|Research Methods|Statistics,NumPy|Git|LaTeX,Research,6,2600,Advanced
INT-153,Crypto Risk Intern,BlockRisk Finance,"Zurich, Zurich",Switzerland,On-site,"Build risk models for cryptocurrency portfolio management and DeFi protocol exposure. Develop real-time risk monitoring dashboards for crypto assets. Analyze on-chain data to identify risk signals and market anomalies. Collaborate with portfolio managers on risk limit frameworks.",Python|SQL|Statistics|Pandas|Blockchain,R|Excel|NumPy,Finance Tech,4,2400,Intermediate
INT-154,Gradient-Free Optimization Intern,EvoLearn AI,"Seattle, WA",United States,Remote,"Research evolutionary computation and Bayesian optimization for ML hyperparameter search. Implement benchmark comparisons between gradient-free and gradient-based optimization. Contribute to internal AutoML tooling. Write technical documentation and blog posts on research findings.",Python|scikit-learn|PyTorch|Optimization|Git,Optuna|NumPy|Research Methods,Machine Learning,4,2300,Intermediate
INT-155,Healthcare AI Data Intern,MedData Science,Singapore,Singapore,Hybrid,"Curate and preprocess multi-modal clinical datasets for AI model development. Develop automated data quality validation pipelines for healthcare data. Collaborate with clinical informatics teams on data governance and privacy. Document dataset characteristics and model training procedures.",Python|SQL|Pandas|Healthcare Data|Git,R|Statistics|FHIR,Data Science,4,1800,Intermediate
INT-156,Blockchain Developer Intern,ChainBuild Software,"Dubai, Dubai",United Arab Emirates,Remote,"Develop and test smart contracts for a decentralized finance protocol. Build backend integrations with blockchain nodes and wallet APIs. Write security tests and contribute to smart contract audit processes. Collaborate with the blockchain research team on protocol design.",Solidity|Python|Blockchain|Git|REST API,Ethereum|Hardhat|JavaScript,Software Engineering,4,1800,Intermediate
INT-157,Web3 Frontend Intern,DAppCraft Studio,"Berlin, Germany",Germany,Remote,"Build decentralized application frontends integrating Web3 wallet connections and smart contract interactions. Develop responsive UI components using React and ethers.js. Write unit tests for Web3 interaction logic. Collaborate with smart contract developers on integration design.",JavaScript|React|HTML|CSS|Web3,TypeScript|ethers.js|Git,Web Development,3,1400,Intermediate
INT-158,Fact Verification Intern,TruthCheck NLP,"London, England",United Kingdom,Remote,"Develop automated fact-checking systems using evidence retrieval and natural language inference. Build evidence retrieval pipelines over large web document corpora. Fine-tune NLI models for claim verification tasks. Evaluate system performance on standard fact-checking benchmarks.",Python|NLP|Hugging Face Transformers|PyTorch|FAISS,spaCy|FastAPI|Git,NLP,4,2300,Intermediate
INT-159,Thermal Imaging Intern,ThermaSense Vision,"Canberra, ACT",Australia,On-site,"Develop object detection and classification models for thermal infrared imagery. Collect and annotate thermal imaging datasets for model training. Evaluate model performance across environmental conditions. Collaborate with the defense and industrial clients on deployment requirements.",Python|OpenCV|TensorFlow|Computer Vision|NumPy,PyTorch|CUDA|C++,Computer Vision,5,2200,Intermediate
INT-160,MLSecOps Intern,ModelGuard Security,"Tel Aviv, Tel Aviv District",Israel,Remote,"Research adversarial machine learning attacks and defenses for production AI systems. Develop tooling for ML model security auditing and red-teaming. Collaborate with MLOps and security teams on model deployment security standards. Write technical reports on ML security best practices.",Python|Machine Learning|Cybersecurity|PyTorch|Git,TensorFlow|Docker|REST API,Cybersecurity,4,2100,Advanced
INT-161,Personalization Product Intern,RecoApp Ventures,"New York, NY",United States,Remote,"Define personalization features for a consumer recommendation product. Analyze user engagement data to identify personalization opportunities. Collaborate with ML engineers on recommendation algorithm requirements. Write product briefs and run experiments to measure personalization impact.",SQL|Communication|Analytics|Jira|User Research,Python|Amplitude|Figma,Product Management,3,2200,Intermediate
INT-162,Data Mesh Intern,FederatedData Solutions,"Amsterdam, Netherlands",Netherlands,Remote,"Implement data mesh architecture patterns for decentralized data ownership and governance. Build data product APIs and SLAs for domain teams. Develop tooling for data product discovery and cataloging. Collaborate with data governance and platform teams on standards.",Python|SQL|REST API|Data Governance|Git,Apache Kafka|dbt|Airflow,Data Engineering,5,1700,Advanced
INT-163,Simulation Research Intern,VirtualPhysics Research,"Toronto, Ontario",Canada,Remote,"Research physics-based simulation methods for training reinforcement learning agents. Implement differentiable simulation environments for robotics tasks. Benchmark simulation approaches on standard manipulation benchmarks. Contribute to open-source simulation tooling.",Python|PyTorch|Simulation|Research Methods|Git,MuJoCo|NumPy|C++,Research,5,2500,Advanced
INT-164,Market Making Intern,FlowCapital Finance,"Hong Kong",Hong Kong,On-site,"Develop and backtest market-making strategies for equity and crypto markets. Build execution analytics and transaction cost analysis tools. Collaborate with traders on strategy implementation and performance monitoring. Maintain Python research libraries for quantitative analysis.",Python|Statistics|Pandas|Financial Modeling|SQL,C++|NumPy|Excel,Finance Tech,4,3000,Advanced
INT-165,Few-Shot Learning Intern,AdaptLearn AI,"Berlin, Germany",Germany,Remote,"Research few-shot and zero-shot generalization methods for vision and language tasks. Implement prompt engineering and in-context learning approaches for LLMs. Benchmark few-shot learners on standard evaluation suites. Contribute to internal technical reports and open-source repositories.",Python|PyTorch|Deep Learning|NLP|Git,Hugging Face Transformers|NumPy|LaTeX,Machine Learning,4,2200,Intermediate
INT-166,Public Health Data Intern,EpiData Analytics,"Geneva, Geneva",Switzerland,Remote,"Aggregate and clean public health datasets from WHO, UN, and national health ministries. Build automated data update pipelines for health indicator dashboards. Perform statistical analysis for global health reports. Collaborate with global health researchers on data visualization and interpretation.",Python|SQL|Statistics|Pandas|Data Visualization,R|Tableau|Excel,Data Science,4,1900,Beginner
INT-167,Quantum Software Intern,QuantumEdge Research,"Oxford, England",United Kingdom,On-site,"Research quantum computing algorithms for optimization and machine learning applications. Implement quantum circuits using Qiskit and PennyLane. Benchmark quantum approaches against classical baselines on small-scale problems. Write technical reports and contribute to academic paper submissions.",Python|Quantum Computing|Qiskit|Research Methods|Git,PennyLane|NumPy|LaTeX,Research,6,2700,Advanced
INT-168,Trade Surveillance Intern,WatchTrade Finance,Singapore,Singapore,On-site,"Develop surveillance algorithms to detect market manipulation and insider trading patterns. Build anomaly detection models for trading activity monitoring. Collaborate with compliance and legal teams on alert investigation workflows. Maintain surveillance system documentation and regulatory reporting.",Python|SQL|Statistics|Pandas|Financial Data,Machine Learning|Excel|R,Finance Tech,3,2100,Intermediate
INT-169,Online Learning Intern,StreamLearn AI,"Montreal, Quebec",Canada,Remote,"Research online learning and bandit algorithms for real-time recommendation and optimization. Implement contextual bandit approaches and evaluate regret performance. Benchmark online learning algorithms on simulated and real datasets. Write technical documentation and contribute to internal ML tooling.",Python|Machine Learning|Statistics|Git|Research Methods,NumPy|scikit-learn|PyTorch,Machine Learning,4,2000,Intermediate
INT-170,Geostatistics Intern,SpatialData Science,"Melbourne, Victoria",Australia,Remote,"Apply geostatistical methods for spatial interpolation and uncertainty quantification. Build geospatial data processing pipelines integrating satellite and sensor data. Develop interactive geospatial dashboards for environmental monitoring clients. Collaborate with environmental scientists on domain-specific analysis requirements.",Python|GIS|Statistics|SQL|GeoPandas,R|QGIS|Tableau,Data Science,4,1700,Intermediate
INT-171,Distributed Systems Intern,ScaleWave Engineering,"Shenzhen, Guangdong",China,On-site,"Contribute to the development of a distributed key-value store with strong consistency guarantees. Implement and test consensus protocol components using Raft. Write performance benchmarks and analyze system bottlenecks. Collaborate with the platform engineering team on distributed systems design.",Go|Distributed Systems|Linux|Git|Systems Programming,C++|Python|Docker,Software Engineering,5,1500,Advanced
INT-172,E-learning Platform Intern,LearnCraft Web,"Cape Town, Western Cape",South Africa,Remote,"Build interactive course delivery features for an online learning platform. Integrate video streaming, quiz, and progress tracking components. Optimize content loading performance for low-bandwidth users. Collaborate with instructional designers and engineers on feature development.",JavaScript|React|REST API|HTML|CSS,TypeScript|Node.js|Git,Web Development,3,700,Beginner
INT-173,Sentence Embedding Intern,EmbedCore NLP,"Stockholm, Stockholm",Sweden,Remote,"Research and develop domain-specific sentence embedding models using contrastive learning. Build evaluation benchmarks for domain-specific semantic similarity tasks. Fine-tune SentenceTransformer models on curated training pairs. Contribute to internal NLP tooling and documentation.",Python|Hugging Face Transformers|PyTorch|NLP|Git,sentence-transformers|NumPy|Docker,NLP,4,2100,Intermediate
INT-174,Medical Imaging Intern,RadiologyAI Labs,"London, England",United Kingdom,On-site,"Develop deep learning models for anomaly detection in chest X-ray and CT imaging. Build preprocessing pipelines for DICOM imaging datasets. Evaluate model performance against radiologist annotations. Collaborate with clinical radiologists and ML engineers on model validation.",Python|PyTorch|OpenCV|Medical Imaging|NumPy,DICOM|TensorFlow|scikit-learn,Computer Vision,6,2400,Advanced
INT-175,Chaos Engineering Intern,ResilienceOps Labs,"Sydney, New South Wales",Australia,Hybrid,"Design and run chaos engineering experiments to validate system resilience. Develop automated failure injection frameworks for distributed services. Analyze failure patterns and contribute to reliability improvement initiatives. Write runbooks and post-mortem documentation for the SRE team.",Linux|Python|Docker|Kubernetes|Monitoring Tools,Bash|Chaos Engineering|Git,DevOps,4,1800,Intermediate
INT-176,Zero Trust Intern,ZeroTrustNet Security,"Amsterdam, Netherlands",Netherlands,Hybrid,"Design and implement zero trust network access controls for enterprise systems. Evaluate identity and access management solutions and write implementation guides. Develop automated access review workflows. Collaborate with IT and compliance teams on zero trust adoption.",Networking|Linux|Python|Identity Management|Documentation,AWS|Azure AD|REST API,Cybersecurity,4,1800,Intermediate
INT-177,Consumer Insights Product Intern,PulseProduct Labs,"Chicago, IL",United States,On-site,"Conduct qualitative user research including interviews and diary studies. Synthesize research findings into product improvement recommendations. Collaborate with design and engineering on usability improvement initiatives. Present consumer insights at quarterly product strategy reviews.",User Research|Communication|Excel|Figma|Presentation,Jira|SQL|Notion,Product Management,3,2100,Beginner
INT-178,Metadata Pipeline Intern,MetaFlow Data,"Bangalore, Karnataka",India,Remote,"Build automated pipelines to collect and maintain metadata for a data catalog system. Develop APIs for metadata query and search across the data platform. Monitor metadata completeness and quality across data assets. Collaborate with data governance teams on metadata standards.",Python|SQL|REST API|Git|Data Governance,Apache Atlas|Airflow|Docker,Data Engineering,3,850,Beginner
INT-179,Interpretability Research Intern,OpenMind Research,"Cambridge, England",United Kingdom,Remote,"Research mechanistic interpretability of transformer models to understand internal representations. Implement activation patching and probing experiments. Write research reports and contribute to academic publication submissions. Engage in weekly interpretability reading groups and seminars.",Python|PyTorch|Deep Learning|Research Methods|Statistics,TransformerLens|NumPy|LaTeX,Research,6,2900,Advanced
INT-180,Regulatory Reporting Intern,FinReport Solutions,"Frankfurt, Hesse",Germany,On-site,"Develop automated regulatory reporting tools for banking and financial institutions. Build data validation pipelines for regulatory filings including FINREP and COREP. Collaborate with compliance and finance teams on reporting requirements. Maintain documentation and audit trails for regulatory submissions.",Python|SQL|Excel|Financial Reporting|Pandas,R|Tableau|Documentation,Finance Tech,4,1700,Intermediate
INT-181,Domain Generalization Intern,GeneralAI Research,"Toronto, Ontario",Canada,Remote,"Research domain generalization methods for robust ML model performance across distribution shifts. Implement and benchmark DG algorithms including IRM and DRO. Contribute to reproducible evaluation frameworks. Write technical reports and academic paper drafts.",Python|PyTorch|Machine Learning|Research Methods|Statistics,NumPy|Git|LaTeX,Machine Learning,5,2300,Intermediate
INT-182,NLP Benchmarking Intern,EvalNLP Research,"Paris, Île-de-France",France,Remote,"Develop and maintain benchmark datasets for evaluating NLP model capabilities. Build automated evaluation pipelines for standardized model assessment. Analyze model performance trends across benchmark revisions. Contribute to published benchmark leaderboards and technical reports.",Python|NLP|Statistics|Git|Documentation,Hugging Face Transformers|SQL|LaTeX,Research,4,2300,Intermediate
INT-183,Digital Twin Research Intern,SimCore Research,"Munich, Bavaria",Germany,Remote,"Research digital twin architectures for real-time physical system modeling. Implement simulation models and validate against sensor data. Develop APIs to expose digital twin state to external applications. Contribute to technical reports and conference paper submissions.",Python|Simulation|REST API|Git|Research Methods,MATLAB|Docker|NumPy,Research,5,2500,Intermediate
INT-184,Fraud Analytics Intern,SafePay Finance,"Mumbai, Maharashtra",India,Remote,"Build machine learning models for payment fraud detection on transaction data. Develop feature engineering pipelines for behavioral and network-based features. Evaluate model performance under class imbalance constraints. Collaborate with the fraud operations team on alert triage and feedback.",Python|SQL|Machine Learning|Pandas|scikit-learn,XGBoost|Excel|R,Finance Tech,3,900,Intermediate
INT-185,Contrastive Learning Intern,ContrastAI Research,"Seattle, WA",United States,Remote,"Research self-supervised contrastive learning approaches for vision and multimodal tasks. Implement SimCLR, MoCo, and CLIP-style training pipelines. Benchmark representation quality on downstream classification tasks. Contribute to research blog posts and internal technical reports.",Python|PyTorch|Deep Learning|Research Methods|NumPy,JAX|Git|Weights & Biases,Machine Learning,5,2700,Advanced
INT-186,Streaming Analytics Intern,RealTimeIQ Data,"Hyderabad, Telangana",India,Remote,"Build real-time analytics pipelines for IoT sensor data using Apache Flink. Develop windowed aggregation and anomaly detection jobs. Monitor pipeline performance and optimize for throughput and latency. Write technical documentation and maintain pipeline runbooks.",Python|Apache Flink|Apache Kafka|SQL|Git,Scala|Docker|Linux,Data Engineering,4,850,Intermediate
INT-187,Bias and Fairness Research Intern,FairML Research,"Toronto, Ontario",Canada,Remote,"Research algorithmic fairness methods for classification and ranking systems. Implement fairness-aware training objectives and post-processing approaches. Evaluate fairness-accuracy tradeoffs on benchmark datasets. Write technical reports and contribute to academic publication drafts.",Python|Machine Learning|Statistics|Research Methods|Git,PyTorch|scikit-learn|LaTeX,Research,6,2600,Advanced
INT-188,Private Equity Data Intern,PEInsight Finance,"London, England",United Kingdom,On-site,"Analyze private equity deal and portfolio performance data. Build valuation models and return attribution analyses. Develop automated data collection pipelines from fund administrator reports. Collaborate with investment analysts on due diligence data workflows.",Python|Excel|SQL|Financial Modeling|Pandas,R|Tableau|Bloomberg API,Finance Tech,4,2000,Intermediate
INT-189,Reward Modeling Intern,AlignAI Research,"San Francisco, CA",United States,Remote,"Research reward modeling and preference learning methods for aligning large language models. Implement RLHF pipelines and evaluate alignment quality. Contribute to internal safety evaluation benchmarks. Present research findings at weekly alignment team meetings.",Python|PyTorch|NLP|Reinforcement Learning|Research Methods,Hugging Face Transformers|Git|LaTeX,Machine Learning,5,3000,Advanced
INT-190,Network Analytics Intern,NetInsight Data Science,"Tel Aviv, Tel Aviv District",Israel,Remote,"Analyze network traffic and telemetry data to identify performance bottlenecks and anomalies. Build predictive models for network capacity planning. Develop dashboards for network operations center monitoring. Collaborate with network engineers on data collection and analysis requirements.",Python|SQL|Statistics|Network Analysis|Pandas,R|Tableau|Wireshark,Data Science,4,1600,Intermediate
INT-191,Continual Pretraining Intern,ScaleLM Research,"London, England",United Kingdom,Remote,"Research continual pretraining strategies for updating large language models with new knowledge. Implement and benchmark pretraining approaches on domain-specific corpora. Evaluate knowledge retention and forgetting in continually pretrained models. Contribute to internal research and academic publications.",Python|PyTorch|NLP|Deep Learning|Research Methods,Hugging Face Transformers|Git|LaTeX,Research,6,2900,Advanced
INT-192,Microfinance Tech Intern,InclusiveFin Tech,"Nairobi, Nairobi County",Kenya,Remote,"Build data tools and dashboards to support microfinance operations in underserved markets. Develop credit risk models using mobile and transactional data. Collaborate with field operations teams to integrate technology into lending workflows. Write documentation for data tools and train local staff.",Python|SQL|Statistics|Excel|Pandas,R|Tableau|Mobile Data,Finance Tech,3,600,Beginner
INT-193,Adaptive Learning Research Intern,MetaCurriculum AI,"Montreal, Quebec",Canada,Remote,"Research curriculum learning and adaptive training schedules for deep learning models. Implement and evaluate curriculum strategies on vision and language benchmarks. Contribute to reproducible experiment frameworks. Write technical reports and contribute to academic paper drafts.",Python|PyTorch|Deep Learning|Research Methods|Statistics,NumPy|Git|Weights & Biases,Machine Learning,5,2200,Intermediate
INT-194,Supply Chain Analytics Intern,ChainOptima Data,"Dubai, Dubai",United Arab Emirates,Hybrid,"Analyze end-to-end supply chain data to identify inefficiencies and cost reduction opportunities. Build demand forecasting and inventory optimization models. Create executive dashboards for supply chain KPI monitoring. Collaborate with operations and procurement teams on analytics delivery.",Python|SQL|Statistics|Pandas|Operations Research,R|Power BI|Excel,Data Science,4,1600,Beginner
INT-195,IoT Data Engineering Intern,SensorFlow Data,"Shenzhen, Guangdong",China,On-site,"Build data ingestion and processing pipelines for large-scale IoT sensor data. Develop time series storage and query optimization for sensor data warehouses. Monitor pipeline reliability and implement automated anomaly alerting. Collaborate with IoT hardware teams on data schema design.",Python|Apache Kafka|SQL|Time Series|Git,Apache Flink|InfluxDB|Docker,Data Engineering,5,1000,Intermediate
INT-196,Calibration Research Intern,UncertaintyAI Research,"Oxford, England",United Kingdom,Remote,"Research neural network calibration methods for reliable uncertainty estimation. Implement temperature scaling, Platt scaling, and conformal prediction approaches. Benchmark calibration methods on classification and regression tasks. Contribute to academic paper submissions and internal research reports.",Python|PyTorch|Statistics|Research Methods|Git,scikit-learn|NumPy|LaTeX,Research,5,2600,Advanced
INT-197,Green Finance Intern,EcoCapital Finance,"Stockholm, Stockholm",Sweden,Hybrid,"Develop models for green bond pricing and ESG impact assessment. Build data pipelines aggregating sustainability reporting data. Collaborate with investment analysts on climate risk scenario modeling. Write reports on sustainable finance market trends and investment opportunities.",Python|SQL|Statistics|Excel|Financial Modeling,R|Bloomberg API|Pandas,Finance Tech,4,1900,Intermediate
INT-198,Scalable ML Intern,DistributedML Labs,"San Francisco, CA",United States,Remote,"Research and implement distributed training strategies for large-scale ML models. Benchmark data parallelism and model parallelism approaches on GPU clusters. Contribute to internal ML infrastructure tooling. Write technical documentation and present findings to the engineering team.",Python|PyTorch|Distributed Systems|NumPy|Git,CUDA|Horovod|Docker,Machine Learning,4,2900,Advanced
INT-199,Spatial Data Science Intern,UrbanData Analytics,"Cape Town, Western Cape",South Africa,Remote,"Build spatial analytics pipelines for urban mobility and land use analysis. Develop predictive models for urban growth and infrastructure planning. Create interactive geospatial visualizations for city government clients. Collaborate with urban planners and GIS specialists on project delivery.",Python|GIS|SQL|Statistics|GeoPandas,QGIS|R|Tableau,Data Science,4,900,Beginner
INT-200,Streaming Platform Intern,ContentPipe Data,"Mumbai, Maharashtra",India,Remote,"Build data pipelines for a video streaming platform processing billions of events daily. Develop content recommendation feature pipelines using Apache Spark. Monitor data quality and freshness with automated SLA tracking. Collaborate with data scientists on feature engineering for recommendation models.",Python|Apache Spark|SQL|Apache Kafka|Git,dbt|Airflow|Delta Lake,Data Engineering,5,800,Intermediate
